{
    "mainRect": {
        "ltx": 0.179204,
        "lty": 0.0,
        "rbx": 0.867257,
        "rby": 0.728863
    },
    "playerRect": {
        "ltx": 0.471238,
        "lty": 0.291545,
        "rbx": 0.533186,
        "rby": 0.408163
    },
    "hpRect": {
        "ltx": 0.341814,
        "lty": 0.787172,
        "rbx": 0.423673,
        "rby": 0.804665
    },
    "mpRect": {
        "ltx": 0.538292,
        "lty": 0.787172,
        "rbx": 0.605044,
        "rby": 0.804665
    },
    "continuousAttackTime": 3000
}
