{
    "mainRect": [],
    "playerRect": [0.478125, 0.299902, 0.522917, 0.418879],
    "bottomRect": [0.0, 0.735497, 1.0, 1.0],
    "buffRect": [0.767708, 0.0, 1.0, 0.501475],
    "popupMenuRect": [0.0, 0.0, 0.0, 0.0],
    "hpRect": [0.301563, 0.793510, 0.456771, 0.814159],
    "mpRect": [0.514583, 0.793510, 0.662500, 0.814159],
    "chatRect": [0.270833, 0.864307, 0.671875, 0.969518],
    "hotkeyRects": {
        "f5": [],
        "f6": [],
        "f7": [],
        "f8": [],
        "f9": [],
        "f10": [],
        "f11": [],
        "f12": []
    },
    "hpMpBarInfo": {
        "samplingPos": [],
        "baseColor": [],
        "hpColor": [],
        "mpColor": []
    }
}
