{
    "mainRect": [0.145833, 0.0, 0.852604, 1.0],
    "safeRect": [0.375000, 0.0, 0.641667, 0.735497],
    "playerRect": [0.478125, 0.299902, 0.522917, 0.418879],
    "bottomRect": [0.145833, 0.735497, 0.852604, 1.0],
    "buffRect": [0.767708, 0.0, 0.852604, 0.501475],
    "popupMenuRect": [0.145833, 0.0, 0.369792, 0.599803],
    "backpackRect": [0.659896, 0.0, 0.852604, 0.599803],
    "hpRect": [0.301563, 0.793510, 0.456771, 0.814159],
    "mpRect": [0.514583, 0.793510, 0.662500, 0.814159],
    "chatRect": [0.270833, 0.864307, 0.671875, 0.969518],
    "hotkeyRects": {
        "f5": [0.700000, 0.803343, 0.733854, 0.868240],
        "f6": [0.736458, 0.803343, 0.770833, 0.868240],
        "f7": [0.772917, 0.803343, 0.807292, 0.868240],
        "f8": [0.809375, 0.803343, 0.845833, 0.868240],
        "f9": [0.700000, 0.871190, 0.733854, 0.939036],
        "f10": [0.736458, 0.871190, 0.770833, 0.939036],
        "f11": [0.772917, 0.871190, 0.807292, 0.939036],
        "f12": [0.809375, 0.871190, 0.845833, 0.939036]
    },
    "hpMpBarInfo": {
        "samplingPos": [0.412752, 0.95],
        "baseColor": [185, 176, 177],
        "hpColor": [79, 1, 1],
        "mpColor": [78, 73, 88]
    }
}
